{"cameraMode":{"drawMode":0,"name":"Shaded","section":"Shading Mode"},"sceneLighting":true,"audioPlay":false,"sceneViewState":{"showFog":true,"showMaterialUpdate":false,"showSkybox":true,"showFlares":true,"showImageEffects":true,"showParticleSystems":true},"in2DMode":false,"pivot":{"x":-7.650118827819824,"y":0.9985113143920898,"z":6.972323894500732},"rotation":{"x":0.16181868314743043,"y":-0.6818708181381226,"z":0.15864907205104829,"w":0.6955045461654663},"size":19.35282325744629,"orthographic":false}