{"cameraMode":{"drawMode":0,"name":"Shaded","section":"Shading Mode"},"sceneLighting":true,"audioPlay":false,"sceneViewState":{"showFog":true,"showMaterialUpdate":false,"showSkybox":true,"showFlares":true,"showImageEffects":true,"showParticleSystems":true},"in2DMode":false,"pivot":{"x":-6.912129878997803,"y":-10.743804931640625,"z":9.18305492401123},"rotation":{"x":0.31796398758888247,"y":-0.4120788276195526,"z":0.15622733533382417,"w":0.8395617008209229},"size":19.35282325744629,"orthographic":false}